Late Evening,Woo Woo
Late Evening,Negroni
Late Evening,Zombie
Late Evening,Blue Lagoon
Late Evening,White Russian
Evening,Rum Punch
Evening,Sazerac
Evening,Boulevardier
Evening,Pisco Sour
Evening,Sidecar
Evening,Amaretto Sour
Evening,Hot Toddy
Evening,Irish Coffee
Evening,Cuba Libre
Evening,Whiskey Sour
Evening,Long Island Iced Tea
Evening,Old Fashioned
Evening,Manhattan
Evening,Dark'N'Stormy
Early Evening,Kir Royale
Early Evening,French Martini
Early Evening,Dry Martini
Early Evening,Dirty Martini
Early Evening,Espresso Martini
Early Evening,Pornstar Martini
Early Evening,Moscow Mule
Late Afternoon,Gimlet
Late Afternoon,Mai Tai
Late Afternoon,Daiquiri
Late Afternoon,Americano
Late Afternoon,Cosmopolitan
Late Afternoon,Margarita
Afternoon,Mint Julep
Afternoon,Sex On The Beach
Afternoon,Tom Collins
Afternoon,Caipirinha
Afternoon,Paloma
Afternoon,Aperol Spritz
Afternoon,Mojito
Mid Afternoon,Singapore Sling
Mid Afternoon,Bramble
Mid Afternoon,Strawberry Daiquiri
Early Afternoon,Sangria
Early Afternoon,Pi√±a Colada
Late Morning,Harvey Wallbanger
Morning,GinFizz
Morning,French75
Brunch,Bellini
Brunch,Tequila Sunrise
Brunch,Bloody Mary
Brunch,Mimosa